INSERT INTO DB_GROUP (
    GROUP_ID,
    GROUP_NAME
) VALUES (
    1,
    'SuperGroup'
),
(
    2,
    'SupderDuperGroup'
);

INSERT INTO DB_PAD (
    PAD_ID,
    PAD_NAME,
    GROUP_ID
) VALUES (
    1,
    'SuperPad',
    1
),
(
    2,
    'SuperDuperPad',
    2
);

INSERT INTO DB_WELL (
    WELL_ID,
    WELL_NAME,
    PAD_ID
) VALUES (
    1,
    'SuperWell',
    1
),
(
    2,
    'SuperDuperWell',
    2
);

INSERT INTO DB_SURVEY_DESIGN (
    SURVEY_ID,
    LATERAL_LENGTH,
    WELL_SPACING,
    DRILL_TURN,
    TURN_DIRECTION,
    LATERAL_AZIMUTH,
    TOTAL_DEPTH,
    DRILL_BUILD,
    LATERAL_DIP,
    WELL_ID
) VALUES (
    1,
    2000,
    300,
    7,
    TRUE,
    45,
    2000,
    5,
    0.14,
    1
),
(
    2,
    2000,
    300,
    7,
    FALSE,
    45,
    2000,
    5,
    0.14,
    2
);

INSERT INTO DB_FRACTURE_DESIGN (
    FRACTURE_ID,
    FRACTURE_SPACING,
    BACKOFF,
    INCLINATION_CUTOFF,
    JOINT_LENGTH,
    WELL_ID
) VALUES (
    1,
    30,
    0,
    0,
    30,
    1
),
(
    2,
    30,
    10,
    0,
    30,
    1
),
(
    3,
    30,
    20,
    0,
    30,
    1
),
(
    4,
    30,
    30,
    0,
    30,
    1
),
(
    5,
    30,
    40,
    0,
    30,
    1
),
(
    6,
    30,
    50,
    0,
    30,
    1
),
(
    7,
    30,
    0,
    0,
    30,
    2
),
(
    8,
    30,
    10,
    0,
    30,
    2
),
(
    9,
    30,
    20,
    0,
    30,
    2
),
(
    10,
    30,
    30,
    0,
    30,
    2
),
(
    11,
    30,
    40,
    0,
    30,
    2
),
(
    12,
    30,
    50,
    0,
    30,
    2
);

INSERT INTO DB_SURVEY_MEASUREMENTS (
    MEASURMENT_ID,
    MEASURED_DEPTH,
    INCLINATION,
    AZIMUTH,
    TVD,
    SUBSEA,
    VERTICAL_SECTION,
    DOGLEG,
    NS,
    EW,
    DELTA_X,
    DELTA_Y,
    WELL_ID
) VALUES (
    1,
    0,
    0,
    0,
    0,
    766.64,
    0,
    0,
    0,
    0,
    0,
    0,
    1
),
(
    2,
    30,
    0,
    0,
    30,
    736.64,
    0,
    0,
    0,
    0,
    0,
    0,
    1
),
(
    3,
    60,
    0,
    0,
    60,
    706.64,
    0,
    0,
    0,
    0,
    0,
    0,
    1
),
(
    4,
    90,
    0,
    0,
    90,
    676.64,
    0,
    0,
    0,
    0,
    0,
    0,
    1
),
(
    5,
    120,
    0,
    0,
    120,
    646.64,
    0,
    0,
    0,
    0,
    0,
    0,
    1
),
(
    6,
    150,
    0,
    0,
    150,
    676.64,
    0,
    0,
    0,
    0,
    0,
    0,
    1
),
(
    7,
    180,
    0,
    0,
    180,
    586.64,
    0,
    0,
    0,
    0,
    0,
    0,
    1
),
(
    8,
    210,
    0,
    0,
    210,
    556.64,
    0,
    0,
    0,
    0,
    0,
    0,
    1
),
(
    9,
    240,
    0,
    0,
    240,
    526.64,
    0,
    0,
    0,
    0,
    0,
    0,
    1
),
(
    10,
    270,
    0,
    0,
    270,
    496.64,
    0,
    0,
    0,
    0,
    0,
    0,
    1
),
(
    11,
    300,
    0,
    0,
    300,
    466.64,
    0,
    0,
    0,
    0,
    0,
    0,
    1
),
(
    12,
    330,
    0,
    0,
    330,
    436.64,
    0,
    0,
    0,
    0,
    0,
    0,
    1
),
(
    13,
    360,
    0,
    0,
    360,
    406.64,
    0,
    0,
    0,
    0,
    0,
    0,
    1
),
(
    14,
    390,
    0,
    0,
    390,
    376.64,
    0,
    0,
    0,
    0,
    0,
    0,
    1
),
(
    15,
    420,
    0,
    0,
    420,
    346.64,
    0,
    0,
    0,
    0,
    0,
    0,
    1
),
(
    16,
    450,
    0,
    0,
    450,
    316.64,
    0,
    0,
    0,
    0,
    0,
    0,
    1
),
(
    17,
    480,
    0,
    0,
    480,
    286.64,
    0,
    0,
    0,
    0,
    0,
    0,
    1
),
(
    18,
    540,
    0,
    0,
    540,
    226.64,
    0,
    0,
    0,
    0,
    0,
    0,
    1
),
(
    19,
    0,
    0,
    0,
    0,
    766.64,
    0,
    0,
    0,
    0,
    0,
    0,
    2
),
(
    20,
    30,
    0,
    0,
    30,
    736.64,
    0,
    0,
    0,
    0,
    0,
    0,
    2
),
(
    21,
    60,
    0,
    0,
    60,
    706.64,
    0,
    0,
    0,
    0,
    0,
    0,
    2
),
(
    22,
    90,
    0,
    0,
    90,
    676.64,
    0,
    0,
    0,
    0,
    0,
    0,
    2
),
(
    23,
    120,
    0,
    0,
    120,
    646.64,
    0,
    0,
    0,
    0,
    0,
    0,
    2
),
(
    24,
    150,
    0,
    0,
    150,
    676.64,
    0,
    0,
    0,
    0,
    0,
    0,
    2
),
(
    25,
    180,
    0,
    0,
    180,
    586.64,
    0,
    0,
    0,
    0,
    0,
    0,
    2
),
(
    26,
    210,
    0,
    0,
    210,
    556.64,
    0,
    0,
    0,
    0,
    0,
    0,
    2
),
(
    27,
    240,
    0,
    0,
    240,
    526.64,
    0,
    0,
    0,
    0,
    0,
    0,
    2
),
(
    28,
    270,
    0,
    0,
    270,
    496.64,
    0,
    0,
    0,
    0,
    0,
    0,
    2
),
(
    29,
    300,
    0,
    0,
    300,
    466.64,
    0,
    0,
    0,
    0,
    0,
    0,
    2
),
(
    30,
    330,
    0,
    0,
    330,
    436.64,
    0,
    0,
    0,
    0,
    0,
    0,
    2
),
(
    31,
    360,
    0,
    0,
    360,
    406.64,
    0,
    0,
    0,
    0,
    0,
    0,
    2
),
(
    32,
    390,
    0,
    0,
    390,
    376.64,
    0,
    0,
    0,
    0,
    0,
    0,
    2
),
(
    33,
    420,
    0,
    0,
    420,
    346.64,
    0,
    0,
    0,
    0,
    0,
    0,
    2
),
(
    34,
    450,
    0,
    0,
    450,
    316.64,
    0,
    0,
    0,
    0,
    0,
    0,
    2
),
(
    35,
    480,
    0,
    0,
    480,
    286.64,
    0,
    0,
    0,
    0,
    0,
    0,
    2
),
(
    36,
    540,
    0,
    0,
    540,
    226.64,
    0,
    0,
    0,
    0,
    0,
    0,
    2
);

INSERT INTO DB_FRACTURE_MEASUREMENTS (
    MEASUREMENT_ID,
    EW_SURFACE_PLUS,
    EW_SURFACE_MINUS,
    NS_SURFACE_PLUS,
    NS_SURFACE_MINUS,
    TVD_SUBSEA_PLUS,
    TVD_SUBSEA_MINUS,
    WELL_ID
) VALUES (
    1,
    1,
    1,
    1,
    1,
    1,
    1,
    1
),
(
    2,
    1,
    1,
    1,
    1,
    1,
    1,
    2
);

INSERT INTO DB_SURVEY_PARAMETERS (
    PARAMETER_ID,
    SURFACE_X,
    SURFACE_Y,
    KB_ELEVATION,
    WELL_ID
) VALUES (
    1,
    1,
    1,
    1,
    1
),
(
    2,
    1,
    1,
    1,
    2
);

INSERT INTO DB_FRACTURE_PARAMETERS (
    PARAMETER_ID,
    HALF_LENGTH,
    AZIMUTH,
    HEIGHT,
    WELL_ID
) VALUES (
    1,
    1,
    1,
    1,
    1
),
(
    2,
    1,
    1,
    1,
    2
);